platform,platformListingId,id,name,city,region,country,guestRating,ratingScale,reviewCount,maxOccupancy,bedrooms,bathrooms,url,host_name
"airbnb","4513550","stays_airbnb_4513550","Driftwood @ McCrae","","","",4.82,5,1066,2,1,1,"https://www.airbnb.com/rooms/4513550?locale=en-US&currency=AUD&adults=2&children=0&check_in=2026-11-01&check_out=2026-11-06",""
"airbnb","31173505","stays_airbnb_31173505","Pura Vida Retreat & Events Studio","","","",4.96,5,107,2,0,1,"https://www.airbnb.com/rooms/31173505?locale=en-US&currency=AUD&adults=2&children=0&check_in=2026-10-19&check_out=2026-10-24",""
"airbnb","43550724","stays_airbnb_43550724","Tantilize: Luxury Romantic Retreat","","","",4.96,5,720,2,1,1,"https://www.airbnb.com/rooms/43550724?locale=en-US&currency=AUD&adults=2&children=0&check_in=2026-10-11&check_out=2026-10-16",""
"airbnb","19645992","stays_airbnb_19645992","Iquique Hideaway","","","",4.99,5,600,2,0,1,"https://www.airbnb.com/rooms/19645992?locale=en-US&currency=AUD&adults=2&children=0&check_in=2026-10-24&check_out=2026-10-29",""
"airbnb","48611291","stays_airbnb_48611291","Make your memories in McCrae ...","","","",4.99,5,239,2,1,1,"https://www.airbnb.com/rooms/48611291?locale=en-US&currency=AUD&adults=2&children=0&check_in=2026-11-21&check_out=2026-11-26",""
"airbnb","48204130","stays_airbnb_48204130","YOKO Luxury Cabin","","","",4.93,5,176,4,2,1,"https://www.airbnb.com/rooms/48204130?locale=en-US&currency=AUD&adults=2&children=0&check_in=2026-10-11&check_out=2026-10-16",""
"airbnb","4024267","stays_airbnb_4024267","Coastal Bush Retreat","","","",4.92,5,811,4,2,1,"https://www.airbnb.com/rooms/4024267?locale=en-US&currency=AUD&adults=2&children=0&check_in=2026-11-03&check_out=2026-11-08",""
"airbnb","48472030","stays_airbnb_48472030","Bliss-Double Spa-Gas Log Fire-Outstanding Location","","","",4.9,5,534,2,1,1,"https://www.airbnb.com/rooms/48472030?locale=en-US&currency=AUD&adults=2&children=0&check_in=2026-10-25&check_out=2026-10-30",""
"airbnb","34450713","stays_airbnb_34450713","Golf is good","","","",4.92,5,593,2,1,1,"https://www.airbnb.com/rooms/34450713?locale=en-US&currency=AUD&adults=2&children=0&check_in=2026-11-08&check_out=2026-11-13",""
"airbnb","1790489825443957782","stays_airbnb_1790489825443957782","Tiny Peach | Outdoor Bath & Stunning Valley Views","","","","","","",2,1,1,"https://www.airbnb.com/rooms/1790489825443957782?locale=en-US&currency=AUD&adults=2&children=0&check_in=2026-10-13&check_out=2026-10-18",""
"airbnb","814690859160902753","stays_airbnb_814690859160902753","Sea Sanctuary","","","",4.84,5,56,2,1,2.5,"https://www.airbnb.com/rooms/814690859160902753?locale=en-US&currency=AUD&adults=2&children=0&check_in=2026-10-14&check_out=2026-10-19",""
"airbnb","859296913099109046","stays_airbnb_859296913099109046","Stunning View Penthouse Suite.【1 Bed+1 Bathtub】","","","",4.89,5,259,2,1,1,"https://www.airbnb.com/rooms/859296913099109046?locale=en-US&currency=AUD&adults=2&children=0&check_in=2026-10-11&check_out=2026-10-16",""
"airbnb","39402610","stays_airbnb_39402610","Rosewood Cottage","","","",4.95,5,346,2,1,1,"https://www.airbnb.com/rooms/39402610?locale=en-US&currency=AUD&adults=2&children=0&check_in=2026-10-20&check_out=2026-10-25",""
"airbnb","1704024122112550785","stays_airbnb_1704024122112550785","Fishies Shack","","","",4.91,5,44,2,1,1,"https://www.airbnb.com/rooms/1704024122112550785?locale=en-US&currency=AUD&adults=2&children=0&check_in=2026-12-06&check_out=2026-12-11",""
"airbnb","546509313512421154","stays_airbnb_546509313512421154","The Eagle's Nest. The Best View on the Peninsula!","","","",4.91,5,268,4,2,1,"https://www.airbnb.com/rooms/546509313512421154?locale=en-US&currency=AUD&adults=2&children=0&check_in=2026-10-11&check_out=2026-10-16",""
"airbnb","743787826074557132","stays_airbnb_743787826074557132","Coastal cottage with fireplace near spas, wineries","","","",4.88,5,164,4,2,1,"https://www.airbnb.com/rooms/743787826074557132?locale=en-US&currency=AUD&adults=2&children=0&check_in=2026-11-10&check_out=2026-11-15",""
"airbnb","48834167","stays_airbnb_48834167","Kookaburra's Rest ~ St. Andrews Beach","","","",4.9,5,578,4,2,1,"https://www.airbnb.com/rooms/48834167?locale=en-US&currency=AUD&adults=2&children=0&check_in=2026-11-05&check_out=2026-11-10",""
"airbnb","806196925720886837","stays_airbnb_806196925720886837","Exclusive beachfront getaway","","","",5,5,207,4,1,1,"https://www.airbnb.com/rooms/806196925720886837?locale=en-US&currency=AUD&adults=2&children=0&check_in=2026-10-12&check_out=2026-10-17",""
"airbnb","1779073831690099420","stays_airbnb_1779073831690099420","The Hidden Peninsula — near Hot Springs, stay late","","","",5,5,3,2,1,1,"https://www.airbnb.com/rooms/1779073831690099420?locale=en-US&currency=AUD&adults=2&children=0&check_in=2026-10-11&check_out=2026-10-16",""
"airbnb","1646769620946383981","stays_airbnb_1646769620946383981","Sea La Vie","","","",5,5,26,4,1,1,"https://www.airbnb.com/rooms/1646769620946383981?locale=en-US&currency=AUD&adults=2&children=0&check_in=2026-10-12&check_out=2026-10-17",""
"airbnb","1633771639951214793","stays_airbnb_1633771639951214793","Dimmicks Beach Shack","","","",5,5,54,4,2,1,"https://www.airbnb.com/rooms/1633771639951214793?locale=en-US&currency=AUD&adults=2&children=0&check_in=2027-03-14&check_out=2027-03-19",""
"airbnb","9119791","stays_airbnb_9119791","Beachside studio 300m beach, views","","","",4.96,5,554,2,1,1,"https://www.airbnb.com/rooms/9119791?locale=en-US&currency=AUD&adults=2&children=0&check_in=2026-10-08&check_out=2026-10-13",""
"airbnb","5641477","stays_airbnb_5641477","Miss Sunshine Boutique Accommodation Mount Martha","","","",4.95,5,508,2,1,1,"https://www.airbnb.com/rooms/5641477?locale=en-US&currency=AUD&adults=2&children=0&check_in=2026-10-18&check_out=2026-10-23",""
"airbnb","1014844824579444321","stays_airbnb_1014844824579444321","Shipwrecked Oasis Private Camping Near Hot Spring","","","",4.93,5,241,2,1,1,"https://www.airbnb.com/rooms/1014844824579444321?locale=en-US&currency=AUD&adults=2&children=0&check_in=2026-10-25&check_out=2026-10-30",""
"airbnb","23596610","stays_airbnb_23596610","Longleaf,  a hidden gem.","","","",4.94,5,726,2,1,1,"https://www.airbnb.com/rooms/23596610?locale=en-US&currency=AUD&adults=2&children=0&check_in=2026-11-19&check_out=2026-11-24",""
"airbnb","1704199939017233636","stays_airbnb_1704199939017233636","Azure On Panorama Private Spa Wellness Retreat","","","",5,5,7,2,1,1,"https://www.airbnb.com/rooms/1704199939017233636?locale=en-US&currency=AUD&adults=2&children=0&check_in=2026-11-08&check_out=2026-11-13",""
"airbnb","43793216","stays_airbnb_43793216","Nest","","","",4.88,5,297,2,1,1,"https://www.airbnb.com/rooms/43793216?locale=en-US&currency=AUD&adults=2&children=0&check_in=2026-10-11&check_out=2026-10-16",""
"airbnb","52601610","stays_airbnb_52601610","Indulge Couples Private Retreat Double Spa & Fire","","","",4.96,5,513,2,2,1.5,"https://www.airbnb.com/rooms/52601610?locale=en-US&currency=AUD&adults=2&children=0&check_in=2026-10-16&check_out=2026-10-21",""
"airbnb","15605181","stays_airbnb_15605181","Max's Place, Rye Near Hot Springs.","","","",4.99,5,501,2,1,1,"https://www.airbnb.com/rooms/15605181?locale=en-US&currency=AUD&adults=2&children=0&check_in=2026-11-23&check_out=2026-11-28",""
"airbnb","42280463","stays_airbnb_42280463","The Little House","","","",4.97,5,645,2,0,1,"https://www.airbnb.com/rooms/42280463?locale=en-US&currency=AUD&adults=2&children=0&check_in=2026-10-18&check_out=2026-10-23",""
"airbnb","861164328833958331","stays_airbnb_861164328833958331","The Haven Mornington","","","",4.95,5,393,2,1,1,"https://www.airbnb.com/rooms/861164328833958331?locale=en-US&currency=AUD&adults=2&children=0&check_in=2026-10-11&check_out=2026-10-16",""
"airbnb","1735318449883837361","stays_airbnb_1735318449883837361","Ocean Beach Stays Sorrento","","","",5,5,1,2,1,1,"https://www.airbnb.com/rooms/1735318449883837361?locale=en-US&currency=AUD&adults=2&children=0&check_in=2026-10-25&check_out=2026-10-30",""
"airbnb","636588131114689258","stays_airbnb_636588131114689258","Margy's at Mt Martha, a charming 2 bedroom cottage","","","",5,5,165,4,2,1,"https://www.airbnb.com/rooms/636588131114689258?locale=en-US&currency=AUD&adults=2&children=0&check_in=2026-11-15&check_out=2026-11-20",""
"airbnb","4441403","stays_airbnb_4441403","The Park Apartment","","","",4.91,5,789,2,1,1,"https://www.airbnb.com/rooms/4441403?locale=en-US&currency=AUD&adults=2&children=0&check_in=2026-11-08&check_out=2026-11-13",""
"airbnb","9305094","stays_airbnb_9305094","⛱ Colorful/Cheery. Bright/Quirky. Near the Village","","","",4.91,5,356,2,1,1,"https://www.airbnb.com/rooms/9305094?locale=en-US&currency=AUD&adults=2&children=0&check_in=2026-10-16&check_out=2026-10-21",""
"airbnb","46304630","stays_airbnb_46304630","Off Broadway Studio, Capel Sound","","","",4.97,5,773,2,1,1,"https://www.airbnb.com/rooms/46304630?locale=en-US&currency=AUD&adults=2&children=0&check_in=2026-11-04&check_out=2026-11-09",""
"airbnb","1190785880018073324","stays_airbnb_1190785880018073324","The Studio at Placadena","","","",5,5,102,2,1,1,"https://www.airbnb.com/rooms/1190785880018073324?locale=en-US&currency=AUD&adults=2&children=0&check_in=2026-10-11&check_out=2026-10-16",""
"airbnb","1532127280848944405","stays_airbnb_1532127280848944405","Cozy cottage for two","","","",4.98,5,63,2,1,1,"https://www.airbnb.com/rooms/1532127280848944405?locale=en-US&currency=AUD&adults=2&children=0&check_in=2026-10-08&check_out=2026-10-13",""
"airbnb","40121295","stays_airbnb_40121295","Hot Springs Treehouse","","","",4.79,5,344,2,1,1.5,"https://www.airbnb.com/rooms/40121295?locale=en-US&currency=AUD&adults=2&children=0&check_in=2026-10-11&check_out=2026-10-16",""
"airbnb","1505386008690793659","stays_airbnb_1505386008690793659","Capel Sound Retreat | Modern Stay by the Bay","","","",5,5,6,6,3,2.5,"https://www.airbnb.com/rooms/1505386008690793659?locale=en-US&currency=AUD&adults=2&children=0&check_in=2026-10-09&check_out=2026-10-14",""
